AL,350,
AL,351,
AL,352,
AL,354,
AL,355,
AL,356,
AL,357,
AL,358,
AL,359,
AL,360,
AL,361,
AL,362,
AL,363,
AL,364,
AL,365,
AL,366,
AL,367,
AL,368,
AL,369,
AR,716,
AR,717,
AR,718,
AR,719,
AR,720,
AR,721,
AR,722,
AR,723,
AR,724,
AR,725,
AR,726,
AR,727,
AR,728,
AR,729,
FL,320,
FL,321,
FL,322,
FL,323,
FL,324,
FL,325,
FL,326,
FL,327,
FL,328,
FL,329,
FL,330,
FL,331,
FL,332,
FL,333,
FL,334,
FL,335,
FL,336,
FL,337,
FL,338,
FL,339,
FL,340,
FL,341,
FL,342,
FL,344,
FL,346,
FL,347,
FL,349,
GA,300,
GA,301,
GA,302,
GA,303,
GA,304,
GA,305,
GA,306,
GA,307,
GA,308,
GA,309,
GA,310,
GA,311,
GA,312,
GA,313,
GA,314,
GA,315,
GA,316,
GA,317,
GA,318,
GA,319,
GA,398,
GA,399,
KS,660,
KS,661,
KS,662,
KS,664,
KS,665,
KS,666,
KS,667,
KS,668,
KS,669,
KS,670,
KS,671,
KS,672,
KS,673,
KS,674,
KS,675,
KS,676,
KS,677,
KS,678,
KS,679,
KY,400,
KY,401,
KY,402,
KY,403,
KY,404,
KY,405,
KY,406,
KY,407,
KY,408,
KY,409,
KY,410,
KY,411,
KY,412,
KY,413,
KY,414,
KY,415,
KY,416,
KY,417,
KY,418,
KY,420,
KY,421,
KY,422,
KY,423,
KY,424,
KY,425,
KY,426,
KY,427,
LA,700,
LA,701,
LA,703,
LA,704,
LA,705,
LA,706,
LA,707,
LA,708,
LA,710,
LA,711,
LA,712,
LA,713,
LA,714,
MO,630,
MO,631,
MO,633,
MO,634,
MO,635,
MO,636,
MO,637,
MO,638,
MO,639,
MO,640,
MO,641,
MO,644,
MO,645,
MO,646,
MO,647,
MO,648,
MO,650,
MO,651,
MO,652,
MO,653,
MO,654,
MO,655,
MO,656,
MO,657,
MO,658,
MS,386,
MS,387,
MS,388,
MS,389,
MS,390,
MS,391,
MS,392,
MS,393,
MS,394,
MS,395,
MS,396,
MS,397,
NC,270,
NC,271,
NC,272,
NC,273,
NC,274,
NC,275,
NC,276,
NC,277,
NC,278,
NC,279,
NC,280,
NC,281,
NC,282,
NC,283,
NC,284,
NC,285,
NC,286,
NC,287,
NC,288,
NC,289,
OK,730,
OK,731,
OK,734,
OK,735,
OK,736,
OK,737,
OK,738,
OK,739,
OK,740,
OK,741,
OK,743,
OK,744,
OK,745,
OK,746,
OK,747,
OK,748,
OK,749,
SC,290,
SC,291,
SC,292,
SC,293,
SC,294,
SC,295,
SC,296,
SC,297,
SC,298,
SC,299,
TN,370,
TN,371,
TN,372,
TN,373,
TN,374,
TN,375,
TN,376,
TN,377,
TN,378,
TN,379,
TN,380,
TN,381,
TN,382,
TN,383,
TN,384,
TN,385,
TX,750,
TX,751,
TX,752,
TX,753,
TX,754,
TX,755,
TX,756,
TX,757,
TX,758,
TX,759,
TX,760,
TX,761,
TX,762,
TX,763,
TX,764,
TX,765,
TX,766,
TX,767,
TX,768,
TX,769,
TX,770,
TX,771,
TX,772,
TX,773,
TX,774,
TX,775,
TX,776,
TX,777,
TX,778,
TX,779,
TX,780,
TX,781,
TX,782,
TX,783,
TX,784,
TX,785,
TX,786,
TX,787,
TX,788,
TX,789,
TX,790,
TX,791,
TX,792,
TX,793,
TX,794,
TX,795,
TX,796,
TX,797,
TX,798,
TX,799,
VA,201,
VA,220,
VA,221,
VA,222,
VA,223,
VA,224,
VA,225,
VA,226,
VA,227,
VA,228,
VA,229,
VA,230,
VA,231,
VA,232,
VA,233,
VA,234,
VA,235,
VA,236,
VA,237,
VA,238,
VA,239,
VA,240,
VA,241,
VA,242,
VA,243,
VA,244,
VA,245,
VA,246,
WV,247,
WV,248,
WV,249,
WV,250,
WV,251,
WV,252,
WV,253,
WV,254,
WV,255,
WV,256,
WV,257,
WV,258,
WV,259,
WV,260,
WV,261,
WV,262,
WV,263,
WV,264,
WV,265,
WV,266,
WV,267,
WV,268,
